number,name,category,6ml,12ml,20ml,50ml,100ml,car_diffuser
1,AJMAL BLU,Men,200,250,250,650,900,250
2,AQUA DI GEO,Men,200,250,250,650,900,250
3,AZZARO CROME,Men,200,250,250,650,900,250
4,AZZARO THE MOST WANTED,Men,200,250,250,650,900,250
5,BACCARAT ROUGH 540,Unisex,200,250,250,650,900,250
6,BIN SHAIKH,Men,200,250,250,650,900,250
7,BLACK ORCHID,Unisex,200,250,250,650,900,250
8,BLACK VANILLA,Men,200,250,250,650,900,250
9,BLEU DE CHANEL,Men,200,250,250,650,900,250
10,BOMBSHELL,Women,200,250,250,650,900,250
11,BURBERRY GODDESS,Women,200,250,250,650,900,250
12,BURBERRY HER,Women,200,250,250,650,900,250
13,CARAMEL OUD,Unisex,200,250,250,650,900,250
14,CHANEL COCO MADEMOISELLE,Women,200,250,250,650,900,250
15,CHANEL NO.5,Women,200,250,250,650,900,250
16,CHOCO MUSK,Unisex,200,250,250,650,900,250
17,CLASSIC BLACK,Men,200,250,250,650,900,250
18,COCO VANILLA,Women,200,250,250,650,900,250
19,CR-7,Men,200,250,250,650,900,250
20,CREED ABSOLUTE AVENTUS,Unisex,200,250,250,650,900,250
21,CREED AVENTUS,Unisex,200,250,250,650,900,250
22,CREED SILVER MOUNTAIN WATER,Unisex,200,250,250,650,900,250
23,DAVID OF COOL WATER,Men,200,250,250,650,900,250
24,DENILA,Unisex,200,250,250,650,900,250
25,DIOR OUDH ISPAHANI,Unisex,200,250,250,650,900,250
26,DIOR SAUVAGE,Men,200,250,250,650,900,250
27,DUBAI GOLD,Unisex,200,250,250,650,900,250
28,DUNHIL DESIRE BLUE,Men,200,250,250,650,900,250
29,DUNHIL ICON,Men,200,250,250,650,900,250
30,FIRDOUS,Unisex,200,250,250,650,900,250
31,FLOWER BOMB,Women,200,250,250,650,900,250
32,GOOD GIRL,Women,200,250,250,650,900,250
33,GUCCI BLOOM,Women,200,250,250,650,900,250
34,GUCCI FLORA,Women,200,250,250,650,900,250
35,GUCCI GUILTY ABSOLUTE,Men,200,250,250,650,900,250
36,GULAB,Unisex,200,250,250,650,900,250
37,HAWAS HIM,Men,200,250,250,650,900,250
38,HAWAS ICE,Unisex,200,250,250,650,900,250
39,JPG LE MALE,Men,200,250,250,650,900,250
40,JPG ULTRA MALE,Men,200,250,250,650,900,250
41,KAYALI VANILLA 28,Women,200,250,250,650,900,250
42,KHAMRA QAHWA,Unisex,200,250,250,650,900,250
43,L'EAU D'ISSEY POUR HOMME,Men,200,250,250,650,900,250
44,L.V IMAGINATION,Unisex,200,250,250,650,900,250
45,L.V OMBRÉ NOMADE,Unisex,200,250,250,650,900,250
46,LICHI,Women,200,250,250,650,900,250
47,MAN IN BLACK,Men,200,250,250,650,900,250
48,MARJ,Unisex,200,250,250,650,900,250
49,MARLY ALTHAIR,Men,200,250,250,650,900,250
50,MITTI,Unisex,200,250,250,650,900,250
51,MOGRA,Unisex,200,250,250,650,900,250
52,MUSK TAHARA,Unisex,200,250,250,650,900,250
53,OUD & BERGAMOT,Unisex,200,250,250,650,900,250
54,OUD & ROSES,Unisex,200,250,250,650,900,250
55,OUD LAVENDER,Unisex,200,250,250,650,900,250
56,PARIS HILTON BY HILTON,Women,200,250,250,650,900,250
57,PRADA PARADOX,Women,200,250,250,650,900,250
58,QUEEN OF SILK,Unisex,200,250,250,650,900,250
59,RED VANILLA,Women,200,250,250,650,900,250
60,ROSE VANILLA,Women,200,250,250,650,900,250
61,SECRET LOVE,Women,200,250,250,650,900,250
62,SO SCANDAL,Women,200,250,250,650,900,250
63,SPICE BOMB,Men,200,250,250,650,900,250
64,STRAWBERRY,Women,200,250,250,650,900,250
65,STRONG WITH YOU,Men,200,250,250,650,900,250
66,TAM DAO,Unisex,200,250,250,650,900,250
67,THE ONE FOR MEN,Men,200,250,250,650,900,250
68,TOM FORD OMBRÉ LEATHER,Men,200,250,250,650,900,250
69,TOM FORD OUD WOOD,Unisex,200,250,250,650,900,250
70,TOM FORD TOBACCO VANILLA,Unisex,200,250,250,650,900,250
71,V - 1,Unisex,200,250,250,650,900,250
72,VALENTINO UOMO INTENSE,Men,200,250,250,650,900,250
73,VERSACE BRIGHT CRYSTAL,Women,200,250,250,650,900,250
74,VERSACE DYLE BLUE,Men,200,250,250,650,900,250
75,VERSACE EROS,Men,200,250,250,650,900,250
76,WARM VANILLA SUGAR,Women,200,250,250,650,900,250
77,WHITE OUD,Unisex,200,250,250,650,900,250
78,YSL BLACK OPIUM,Women,200,250,250,650,900,250
79,YSL LIBRE,Women,200,250,250,650,900,250
80,YSL MY SELF,Men,200,250,250,650,900,250
81,YSL TUXEDO,Men,200,250,250,650,900,250
82,YSL Y,Men,200,250,250,650,900,250
83,ZARA ROSE,Women,200,250,250,650,900,250
84,ZARA SEOUL,Unisex,200,250,250,650,900,250
85,1 MILLION,Men,200,250,250,650,900,250
86,9PM NIGHT OUT,Men,200,250,250,650,900,250
87,9PM REBEL,Men,200,250,250,650,900,250
